{"error_low": [0.014477103958258613, 0.02302922115132084, 0.02902278858806952, 0.03247118849032273, 0.03726866390067284, 0.03654631070636047, 0.041218029218035246, 0.04470358673387101, 0.04244071362665406, 0.04454887200128142, 0.044688446523062475], "error_high": [0.0458563928809295, 0.0768672072234951, 0.08602007772511518, 0.10355651120697151, 0.11395508602143167, 0.12072758463677985, 0.12196260667377236, 0.1354852295334241, 0.16395275322555303, 0.15705195342861572, 0.16952316446368906], "error_down": [0.07564834395239282, 0.09311706415178261, 0.08655067224959578, 0.08909573656060046, 0.0745708158802295, 0.07164761745754072, 0.05238463040524931, 0.05458737435522965, 0.06351204037491068, 0.062029653362791905, 0.047172209346410726]
, "error_mix_1": [
            0.1927592113255537,
            0.051744053706647156,
            0.053618891901587834,
            0.054710213301418426,
            0.06109321516410942,
            0.06704668313801825,
            0.06760314220788918,
            0.0696378883373152,
            0.0748514002092076,
            0.08307254113690916,
            0.08951304351611937
        ],"error_mix_2": [
            0.16354590825538587,
            0.03139607501380552,
            0.0367600081612036,
            0.03612112589277196,
            0.04293281784239574,
            0.047097287536797164,
            0.04187684708894977,
            0.05446543247972478,
            0.06080225388242914,
            0.06976489566518154,
            0.07362522287622539
        ], "error_mix_3":[
            0.1276679759123282,
            0.02106583054367564,
            0.027973713689603157,
            0.027784879930212607,
            0.03104119503722736,
            0.03278125455864301,
            0.0332991783792266,
            0.03514322269873424,
            0.03669735089277555,
            0.039649404080668096,
            0.03854219718684998
        ]}